rho,f_noise,routing_gain,oracle_headroom,frac_captured,analytic_frac
0.0,0.0,0.6752456366396817,1.1842942082533046,0.5699125125685617,0.36
0.0,0.03958333333333333,0.6588367953184705,1.1748424852396333,0.5607614805805455,0.3457499999999999
0.0,0.07916666666666666,0.6203339152094646,1.165986547839423,0.5319872639142246,0.33149999999999996
0.0,0.11875,0.613344031076073,1.1706027779140764,0.5237338673303481,0.3172499999999999
0.0,0.15833333333333333,0.6078703935035749,1.1797865762240844,0.5152262886806789,0.30299999999999994
0.0,0.19791666666666666,0.5809440772205153,1.1632298709322153,0.49939156273978486,0.28874999999999995
0.0,0.2375,0.5868635965419595,1.185850619391335,0.4949400329482352,0.2744999999999999
0.0,0.27708333333333335,0.5558691328852775,1.173274125841152,0.473774022687161,0.26025
0.0,0.31666666666666665,0.5420103329155346,1.1889655270421011,0.45583171253685656,0.246
0.0,0.35624999999999996,0.5085682197814275,1.1767175172064668,0.43219819740030313,0.23174999999999998
0.0,0.3958333333333333,0.5156931635379103,1.1837128037729419,0.435664083080739,0.21750000000000003
0.0,0.4354166666666667,0.48546071322115475,1.1688389789813987,0.415268155222096,0.20325
0.0,0.475,0.4675852228910633,1.1836328566388536,0.3950339634939062,0.189
0.0,0.5145833333333333,0.43459987622066637,1.1731216450223156,0.37032640811918344,0.17475000000000002
0.0,0.5541666666666667,0.42574079205695475,1.193005838874175,0.35676106605819485,0.16049999999999995
0.0,0.59375,0.373100002689376,1.1809787791648312,0.3156930730006284,0.14624999999999996
0.0,0.6333333333333333,0.36467522072908337,1.1804505984970506,0.3089428050014898,0.132
0.0,0.6729166666666666,0.34171290620869815,1.1723007122735598,0.2913526883209786,0.11775000000000004
0.0,0.7124999999999999,0.32057560415336067,1.1765170301204577,0.27247264543523414,0.10350000000000005
0.0,0.7520833333333333,0.2942647762125909,1.178487363861982,0.2496323521481473,0.08925
0.0,0.7916666666666666,0.2506528235064555,1.1780511256083734,0.2127029688750474,0.07499999999999998
0.0,0.8312499999999999,0.2217172932909015,1.180401076010958,0.1876482533180648,0.060750000000000026
0.0,0.8708333333333333,0.18543778721000148,1.1839174627212004,0.1565602777207583,0.04649999999999999
0.0,0.9104166666666667,0.12057730864449083,1.1643106435827404,0.10363907497922066,0.03225
0.0,0.95,0.06951400016503793,1.1729564426544299,0.058604568466020523,0.018000000000000016
0.03958333333333333,0.0,0.639474994541222,1.152093998257736,0.5548673795809506,0.35280306121120886
0.03958333333333333,0.03958333333333333,0.6147765033635636,1.137358698025842,0.5405122431608659,0.33883794003826506
0.03958333333333333,0.07916666666666666,0.5938140778706044,1.1389763345218384,0.5214028145739399,0.3248728188653215
0.03958333333333333,0.11875,0.6078198205469733,1.1578685755920548,0.5247212362107141,0.31090769769237775
0.03958333333333333,0.15833333333333333,0.591775821105227,1.1558047011357175,0.5120598357908372,0.29694257651943406
0.03958333333333333,0.19791666666666666,0.5445132793435951,1.1318053041455702,0.48098569393655094,0.2829774553464904
0.03958333333333333,0.2375,0.5322298182304802,1.14425387932436,0.46495178903447787,0.2690123341735467
0.03958333333333333,0.27708333333333335,0.5171138710725861,1.1418709860805232,0.4527657842787603,0.25504721300060307
0.03958333333333333,0.31666666666666665,0.4996281087531156,1.145727545986743,0.43613866180675576,0.24108209182765938
0.03958333333333333,0.35624999999999996,0.5065926152735357,1.169285620000845,0.4331632420368741,0.2271169706547157
0.03958333333333333,0.3958333333333333,0.4761713742845499,1.1612473471858333,0.4100126053994957,0.21315184948177204
0.03958333333333333,0.4354166666666667,0.46197865871735705,1.1549430933471878,0.40004994088125717,0.19918672830882833
0.03958333333333333,0.475,0.4425057957806923,1.1564892638270228,0.38255170797551946,0.18522160713588465
0.03958333333333333,0.5145833333333333,0.4252357445440696,1.1627409517326865,0.36571630557024554,0.171256485962941
0.03958333333333333,0.5541666666666667,0.40036635903529527,1.1450718935430408,0.34952331251031965,0.15729136478999725
0.03958333333333333,0.59375,0.40203315091180764,1.1764774365644273,0.34169952526915753,0.14332624361705357
0.03958333333333333,0.6333333333333333,0.36516140567587385,1.1477341591704722,0.31811871086900284,0.12936112244410994
0.03958333333333333,0.6729166666666666,0.33623754935178024,1.1572668262328223,0.2904243053997813,0.11539600127116627
0.03958333333333333,0.7124999999999999,0.31741066742311425,1.1605275870905578,0.2733788838423817,0.1014308800982226
0.03958333333333333,0.7520833333333333,0.2758867821989299,1.1529888257385166,0.2392434974609814,0.08746575892527886
0.03958333333333333,0.7916666666666666,0.2511282235847249,1.1573458047467817,0.21674529046470295,0.07350063775233516
0.03958333333333333,0.8312499999999999,0.2125013510700687,1.1545725242876035,0.1838724886793647,0.059535516579391524
0.03958333333333333,0.8708333333333333,0.17315087075639665,1.1533638391908356,0.1499928510255413,0.045570395406447806
0.03958333333333333,0.9104166666666667,0.13343928270602015,1.1599394209180998,0.11486162875357574,0.03160527423350413
0.03958333333333333,0.95,0.0550369395470921,1.1403446021012653,0.04823866563034471,0.017640153060560458
0.07916666666666666,0.0,0.6155173571601547,1.1254174809538322,0.5469861523386895,0.34545622009163474
0.07916666666666666,0.03958333333333333,0.6093028805820282,1.1342738727256367,0.537183189230945,0.3317819113796741
0.07916666666666666,0.07916666666666666,0.5792024896535514,1.1121346042988918,0.5207298921475427,0.31810760266771365
0.07916666666666666,0.11875,0.6020271276916663,1.1482902255641976,0.5242632912776105,0.3044332939557531
0.07916666666666666,0.15833333333333333,0.5589348323517725,1.1218690722636728,0.4981894416858375,0.2907589852437925
0.07916666666666666,0.19791666666666666,0.5508581414902921,1.1342540079501198,0.4856203743250058,0.277084676531832
0.07916666666666666,0.2375,0.537972750197885,1.139156535782444,0.4722900619159869,0.2634103678198714
0.07916666666666666,0.27708333333333335,0.5072806085027679,1.1306597670583878,0.4485565675044696,0.24973605910791094
0.07916666666666666,0.31666666666666665,0.4889388855423986,1.1232216957267314,0.4353115606209556,0.23606175039595043
0.07916666666666666,0.35624999999999996,0.4527531591973188,1.1117643491175249,0.40701776458344724,0.22238744168398986
0.07916666666666666,0.3958333333333333,0.4652454376829625,1.1311089101513405,0.4112877327617219,0.20871313297202937
0.07916666666666666,0.4354166666666667,0.44873378712024015,1.134091835164728,0.39571504063991353,0.19503882426006877
0.07916666666666666,0.475,0.4219228602820795,1.1424332060028792,0.3693368214986961,0.18136451554810826
0.07916666666666666,0.5145833333333333,0.3979224239624688,1.128210739307099,0.35257740386463915,0.16769020683614771
0.07916666666666666,0.5541666666666667,0.3923365537300046,1.1317531427103307,0.3466534528056213,0.15401589812418712
0.07916666666666666,0.59375,0.34311925785565195,1.1161482313277096,0.3074302042753306,0.14034158941222658
0.07916666666666666,0.6333333333333333,0.32198652545019857,1.109745803763334,0.2897773930843729,0.1266672807002661
0.07916666666666666,0.6729166666666666,0.3135938433113732,1.115968910422945,0.28105140921420746,0.11299297198830557
0.07916666666666666,0.7124999999999999,0.2854909112330789,1.117667155798574,0.25532743691367726,0.09931866327634505
0.07916666666666666,0.7520833333333333,0.2651706234730316,1.131826591185185,0.23404723675141728,0.08564435456438445
0.07916666666666666,0.7916666666666666,0.2234574118677298,1.1236215948050716,0.19879985778957934,0.07197004585242389
0.07916666666666666,0.8312499999999999,0.20481243346702196,1.129794943724539,0.18134567457357073,0.05829573714046339
0.07916666666666666,0.8708333333333333,0.16743126710778353,1.1282543888577645,0.1483462664892589,0.044621428428502814
0.07916666666666666,0.9104166666666667,0.11873009962331971,1.1250521018015924,0.10520139543684569,0.030947119716542282
0.07916666666666666,0.95,0.05207972328130691,1.1146445465429633,0.04670722372295449,0.017272811004581754
0.11875,0.0,0.6105835215546479,1.1093110965573294,0.5504056056180384,0.33794970039933453
0.11875,0.03958333333333333,0.574527299463918,1.1008118873201826,0.5219033782815031,0.32457252475852744
0.11875,0.07916666666666666,0.5635001202835094,1.0969700226990773,0.5136897882086894,0.3111953491177205
0.11875,0.11875,0.5509269704619818,1.1107615361354555,0.4960292179557518,0.29781817347691353
0.11875,0.15833333333333333,0.5438871882991638,1.1054283866684012,0.4920388816893591,0.28444099783610655
0.11875,0.19791666666666666,0.4937895232548695,1.0916262125541003,0.45234532505681263,0.27106382219529956
0.11875,0.2375,0.5134048404699209,1.1083431285750847,0.4631776940775516,0.2576866465544925
0.11875,0.27708333333333335,0.4867651973641843,1.1020789064083962,0.44166834939326877,0.2443094709136856
0.11875,0.31666666666666665,0.4737559377261879,1.1003729587088318,0.4305143556867556,0.23093229527287862
0.11875,0.35624999999999996,0.46345988799005866,1.112823553518737,0.4164455149318032,0.2175551196320716
0.11875,0.3958333333333333,0.4356795283249848,1.1049765717933864,0.3940753552389323,0.20417794399126465
0.11875,0.4354166666666667,0.4355620724338493,1.1151320454946683,0.3905405468687748,0.19080076835045762
0.11875,0.475,0.41093529193209455,1.103896900817601,0.3722570754136197,0.17742359270965063
0.11875,0.5145833333333333,0.38439961117797,1.1007451176861747,0.3489931291015769,0.16404641706884365
0.11875,0.5541666666666667,0.344924936355044,1.0915332858353186,0.3156101371380982,0.15066924142803662
0.11875,0.59375,0.3230112888494306,1.0911782623237967,0.2959839039648348,0.13729206578722963
0.11875,0.6333333333333333,0.299465650847109,1.0883804007590332,0.2750191568175835,0.12391489014642268
0.11875,0.6729166666666666,0.2873329443541879,1.0982219428901665,0.2616392609093565,0.11053771450561571
0.11875,0.7124999999999999,0.27276380560418056,1.1095883437515084,0.24575335727981318,0.09716053886480873
0.11875,0.7520833333333333,0.2379411055648145,1.1015218763485946,0.21536450602160087,0.08378336322400169
0.11875,0.7916666666666666,0.2209265231862986,1.1096751524120043,0.19904089541485262,0.07040618758319468
0.11875,0.8312499999999999,0.170514329148253,1.0928448738492729,0.15593083652877412,0.05702901194238773
0.11875,0.8708333333333333,0.1655585554121282,1.1115684915205615,0.14885868600015587,0.043651836301580704
0.11875,0.9104166666666667,0.11860886599909354,1.1123094981711164,0.10636581895084214,0.030274660660773722
0.11875,0.95,0.04167022203453289,1.0887530476269607,0.03826910412632934,0.016897485019966744
0.15833333333333333,0.0,0.576182561247253,1.0779802592528684,0.5344554246404666,0.33027261466854924
0.15833333333333333,0.03958333333333333,0.5519240059688627,1.0667928919230298,0.5173281536636066,0.31719932367125236
0.15833333333333333,0.07916666666666666,0.5244305515975359,1.0531873762709996,0.49788917143352024,0.3041260326739557
0.15833333333333333,0.11875,0.5263586014661887,1.0719375836076726,0.49102101033778855,0.29105274167665895
0.15833333333333333,0.15833333333333333,0.518544948588174,1.0697684473120177,0.4847023519082445,0.2779794506793622
0.15833333333333333,0.19791666666666666,0.49703826212095686,1.07560849667958,0.4618914401557581,0.2649061596820655
0.15833333333333333,0.2375,0.497690393430616,1.0740785388599194,0.4633800758595652,0.25183286868476873
0.15833333333333333,0.27708333333333335,0.4659409341461509,1.0740817402372518,0.4337743895468636,0.23875957768747202
0.15833333333333333,0.31666666666666665,0.4418139048447103,1.0739140096316455,0.4112723562839123,0.2256862866901753
0.15833333333333333,0.35624999999999996,0.44196910536438,1.080412746610355,0.40908759720098015,0.21261299569287856
0.15833333333333333,0.3958333333333333,0.41392918972108345,1.0634205964040018,0.38908552570897204,0.19953970469558185
0.15833333333333333,0.4354166666666667,0.371098513940232,1.0552205378282613,0.35173012283143973,0.18646641369828507
0.15833333333333333,0.475,0.3840247321182608,1.0765032459094253,0.35656654790019765,0.17339312270098833
0.15833333333333333,0.5145833333333333,0.3738198409915965,1.0754799689493584,0.34759440058681396,0.16031983170369163
0.15833333333333333,0.5541666666666667,0.3416831703311196,1.0683936180926545,0.31984564709063606,0.1472465407063948
0.15833333333333333,0.59375,0.3174076503932555,1.074869611459508,0.29533999519906695,0.13417324970909808
0.15833333333333333,0.6333333333333333,0.32069587129426197,1.0811085689933053,0.2966552512802065,0.12109995871180139
0.15833333333333333,0.6729166666666666,0.2797263035492879,1.0756791496786242,0.26009268270964,0.10802666771450467
0.15833333333333333,0.7124999999999999,0.24081896613441078,1.0798922159717403,0.22288852508628174,0.09495337671720795
0.15833333333333333,0.7520833333333333,0.22297198385227635,1.0704715771730198,0.20823631697378997,0.08188008571991116
0.15833333333333333,0.7916666666666666,0.18620724412448175,1.0576592420840563,0.17590087373754573,0.0688067947226144
0.15833333333333333,0.8312499999999999,0.16683738687413352,1.0798431686309218,0.15434540398288166,0.055733503725317705
0.15833333333333333,0.8708333333333333,0.14694430060537744,1.0806149039495354,0.1359716281633141,0.04266021272802094
0.15833333333333333,0.9104166666666667,0.0970328011214739,1.0731080471358112,0.09027702012971328,0.029586921730724202
0.15833333333333333,0.95,0.05575637242446605,1.0797264471424228,0.05160912122412193,0.016513630733427476
0.19791666666666666,0.0,0.5569518416028895,1.046396115386688,0.5321781094985817,0.32241277890307013
0.19791666666666666,0.03958333333333333,0.5320135166814105,1.043581403976847,0.5097260798044628,0.30965060640482356
0.19791666666666666,0.07916666666666666,0.5100400454850937,1.0381856828718012,0.4910347449943228,0.29688843390657704
0.19791666666666666,0.11875,0.489615640666703,1.0292993535438564,0.47571004420068713,0.2841262614083305
0.19791666666666666,0.15833333333333333,0.48018497494540996,1.042085372410313,0.4607455425372433,0.271364088910084
0.19791666666666666,0.19791666666666666,0.469358191906393,1.040627609588638,0.45080327447665486,0.2586019164118375
0.19791666666666666,0.2375,0.4568749632777915,1.0375048059104997,0.44034673473806424,0.24583974391359092
0.19791666666666666,0.27708333333333335,0.44413292416456907,1.0421237750159682,0.42619249158697375,0.23307757141534446
0.19791666666666666,0.31666666666666665,0.41995782054506353,1.042120994976999,0.40291243469259624,0.22031539891709795
0.19791666666666666,0.35624999999999996,0.4011019877416502,1.031803468400317,0.388719516937398,0.2075532264188514
0.19791666666666666,0.3958333333333333,0.38715599155279623,1.0371897800123826,0.37326459709389437,0.19479105392060492
0.19791666666666666,0.4354166666666667,0.38379464903802507,1.0462299926503154,0.36689025579829004,0.18202888142235835
0.19791666666666666,0.475,0.36171235286965997,1.0422850660627632,0.34704899518373944,0.16926670892411183
0.19791666666666666,0.5145833333333333,0.3232493036955797,1.037513963324496,0.3115287618590384,0.15650453642586531
0.19791666666666666,0.5541666666666667,0.322630867499697,1.039497824193434,0.31030565581026787,0.14374236392761874
0.19791666666666666,0.59375,0.2793298536733623,1.035706306830453,0.2696612410264321,0.13098019142937223
0.19791666666666666,0.6333333333333333,0.2796822012841885,1.030757592118964,0.2711366110082661,0.11821801893112573
0.19791666666666666,0.6729166666666666,0.2565246325036803,1.0492043738448515,0.24433703056837955,0.10545584643287922
0.19791666666666666,0.7124999999999999,0.23338980074416735,1.0498206104498253,0.22225757388930023,0.09269367393463271
0.19791666666666666,0.7520833333333333,0.21053321979808529,1.0545071966328337,0.19960916831412487,0.07993150143638614
0.19791666666666666,0.7916666666666666,0.18413796857863293,1.0434619398307186,0.17643249843794925,0.06716932893813961
0.19791666666666666,0.8312499999999999,0.15171976635211307,1.036826574638273,0.14633238870004475,0.05440715643989311
0.19791666666666666,0.8708333333333333,0.14822868236330336,1.0567145790219936,0.14017530655726726,0.041644983941646556
0.19791666666666666,0.9104166666666667,0.0855769413496752,1.0465284669074766,0.08172606534050199,0.028882811443400037
0.19791666666666666,0.95,0.06371661630201803,1.0566347582041062,0.060278956719745834,0.01612063894515352
0.2375,0.0,0.5192172277633386,1.0236305531049723,0.5071592674439993,0.31435648553831363
0.2375,0.03958333333333333,0.5100653258110873,1.0185857887102445,0.5007150382348192,0.3019132079857553
0.2375,0.07916666666666666,0.4908051044324268,1.0178704449416391,0.48212437350428106,0.28946993043319713
0.2375,0.11875,0.47546329896937034,1.0151651754590458,0.4682995359932412,0.2770266528806388
0.2375,0.15833333333333333,0.47541110029889716,1.0367586675973193,0.4585957385920298,0.2645833753280806
0.2375,0.19791666666666666,0.4519527662764786,1.0230371696676832,0.4417751246797212,0.2521400977755224
0.2375,0.2375,0.4227697996106978,1.0142718154361734,0.4167968269250086,0.23969682022296407
0.2375,0.27708333333333335,0.4068421844649963,1.0110048223295023,0.4024282214778057,0.2272535426704059
0.2375,0.31666666666666665,0.39840770440465234,1.0102489766157892,0.39434461326492665,0.21481026511784765
0.2375,0.35624999999999996,0.387480107053684,1.019781148332956,0.3799903322942868,0.2023669875652894
0.2375,0.3958333333333333,0.3588744343202947,0.9964060673817935,0.36008185684414107,0.1899237100127312
0.2375,0.4354166666666667,0.3564723897251136,1.020168620889924,0.34943399543159526,0.1774804324601729
0.2375,0.475,0.33304781523031923,1.0164897884535113,0.32762241695847255,0.16503715490761467
0.2375,0.5145833333333333,0.31411205158653727,1.0124026867019158,0.3100023321522462,0.15259387735505645
0.2375,0.5541666666666667,0.317624690723139,1.031503474734943,0.3079386802329083,0.14015059980249814
0.2375,0.59375,0.29540779574537046,1.0273539025747807,0.2874724872359718,0.1277073222499399
0.2375,0.6333333333333333,0.25332810682695545,1.008567783115847,0.2511136398468293,0.11526404469738168
0.2375,0.6729166666666666,0.24824451414674006,1.0165466845398952,0.2441646156108653,0.10282076714482345
0.2375,0.7124999999999999,0.21847599992979358,1.0123634601824818,0.2157602867771251,0.09037748959226521
0.2375,0.7520833333333333,0.18309129583343628,1.0061712007497157,0.18193873355719362,0.07793421203970692
0.2375,0.7916666666666666,0.17680151305157069,1.0302327665355546,0.17135984121503067,0.06549093448714867
0.2375,0.8312499999999999,0.13995442345380066,1.0061906522882407,0.1390572252615738,0.05304765693459045
0.2375,0.8708333333333333,0.11613617349531495,1.0113926534456052,0.11475546832113286,0.04060437938203217
0.2375,0.9104166666666667,0.07921429487559312,1.0170774950719392,0.07775418913415151,0.02816110182947393
0.2375,0.95,0.03344064788725434,1.014870400216669,0.0328625800823675,0.015717824276915697
0.27708333333333335,0.0,0.4866273031673322,0.9958223217126365,0.4886731667527697,0.306088222576433
0.27708333333333335,0.03958333333333333,0.46331172119863506,0.982132451064135,0.4717783914692806,0.2939722304327824
0.27708333333333335,0.07916666666666666,0.46490865208487625,0.9878956804635118,0.4706134816893936,0.28185623828913203
0.27708333333333335,0.11875,0.4504774912873258,0.9801770118517535,0.45934907446626955,0.26974024614548153
0.27708333333333335,0.15833333333333333,0.43487346067922233,1.007401108473652,0.43168326395570716,0.2576242540018311
0.27708333333333335,0.19791666666666666,0.42443588281013933,0.98235573111974,0.4319625629056642,0.24550826185818062
0.27708333333333335,0.2375,0.41083297553079695,0.9868298567786535,0.41615740572115184,0.2333922697145301
0.27708333333333335,0.27708333333333335,0.3733615859957336,0.977748842070123,0.3817408139744611,0.22127627757087967
0.27708333333333335,0.31666666666666665,0.3864283917585536,0.9943130710827356,0.3886143693051251,0.20916028542722923
0.27708333333333335,0.35624999999999996,0.36520551407090807,0.9863388158973776,0.37011740952326005,0.19704429328357873
0.27708333333333335,0.3958333333333333,0.350246535835693,0.9874108537308682,0.35433532783772165,0.1849283011399283
0.27708333333333335,0.4354166666666667,0.3483932497378886,0.9891308851789914,0.35217993875955833,0.17281230899627778
0.27708333333333335,0.475,0.32211734718779095,0.9957049553773766,0.32346593248921457,0.16069631685262734
0.27708333333333335,0.5145833333333333,0.29721446730689355,0.9848935201473563,0.30183888145173415,0.14858032470897686
0.27708333333333335,0.5541666666666667,0.2865330001243124,0.9804579465160214,0.2922482367423142,0.13646433256532634
0.27708333333333335,0.59375,0.28234304700903934,0.9958877748284979,0.28350777168769786,0.12434834042167588
0.27708333333333335,0.6333333333333333,0.24223894303071514,0.9878234700743139,0.24522990675847514,0.11223234827802545
0.27708333333333335,0.6729166666666666,0.24103586983716152,1.000774425168479,0.24080653868746368,0.100116356134375
0.27708333333333335,0.7124999999999999,0.20967157294222072,0.9934626098507543,0.21105495429912183,0.08800036399072453
0.27708333333333335,0.7520833333333333,0.169350262933773,0.9779476150424387,0.17296428743054407,0.07588437184707401
0.27708333333333335,0.7916666666666666,0.16790304849010695,0.9908549547667665,0.16938894010943684,0.06376837970342353
0.27708333333333335,0.8312499999999999,0.13835860527755064,0.9868329977882495,0.13998890302687986,0.05165238755977309
0.27708333333333335,0.8708333333333333,0.10205251393732662,0.9781665649628648,0.10425441715991453,0.03953639541612259
0.27708333333333335,0.9104166666666667,0.07132981355950584,0.9842754948983697,0.0724187538167295,0.027420403272472124
0.27708333333333335,0.95,0.03419906186360199,0.9904500770193104,0.034441858089352156,0.015304411128821664
0.31666666666666665,0.0,0.47722648711007737,0.9739730078483174,0.4898780108072052,0.29759032242329386
0.31666666666666665,0.03958333333333333,0.4375119553100697,0.9393869170036803,0.46562117673602327,0.2858107054940384
0.31666666666666665,0.07916666666666666,0.4314186374671188,0.95863476537988,0.4499903217759707,0.2740310885647831
0.31666666666666665,0.11875,0.4289882788982169,0.964336527999404,0.44483421659438216,0.26225147163552764
0.31666666666666665,0.15833333333333333,0.3997401316824634,0.9556370858567478,0.41824210205138607,0.2504718547062723
0.31666666666666665,0.19791666666666666,0.40442521754358157,0.9662517456590424,0.4184877294287624,0.23869223777701692
0.31666666666666665,0.2375,0.38654443470449923,0.9677059948974436,0.3994250941151127,0.2269126208477615
0.31666666666666665,0.27708333333333335,0.3906484596240865,0.9723291821588879,0.4017623148446803,0.21513300391850618
0.31666666666666665,0.31666666666666665,0.3496958166247774,0.9520662108399959,0.36729286033227976,0.20335338698925082
0.31666666666666665,0.35624999999999996,0.3367873434190874,0.9524180022975858,0.3535633481635605,0.19157377005999543
0.31666666666666665,0.3958333333333333,0.3230843386421581,0.9512116712948518,0.3396622282749721,0.17979415313074007
0.31666666666666665,0.4354166666666667,0.31588288498429834,0.9737405687733006,0.32429308886826796,0.16801453620148465
0.31666666666666665,0.475,0.29298897334246354,0.9611379389682032,0.30463484867069773,0.1562349192722293
0.31666666666666665,0.5145833333333333,0.27933849144489536,0.9552494154483407,0.2924945952141549,0.1444553023429739
0.31666666666666665,0.5541666666666667,0.24506164206493963,0.9526729662790344,0.25706881853212643,0.13267568541371846
0.31666666666666665,0.59375,0.2587504583276075,0.9718486017672635,0.26621889212720484,0.1208960684844631
0.31666666666666665,0.6333333333333333,0.21938765448060002,0.9628178171362786,0.22782297004155785,0.10911645155520776
0.31666666666666665,0.6729166666666666,0.21036185442538094,0.9599956580961418,0.21901866758391367,0.0973368346259524
0.31666666666666665,0.7124999999999999,0.1863453397572621,0.9591257306206177,0.19438973373833876,0.08555721769669702
0.31666666666666665,0.7520833333333333,0.16045714938773667,0.9599842512872092,0.1670802207364229,0.07377760076744161
0.31666666666666665,0.7916666666666666,0.14367673588408406,0.9547131215884574,0.15046538482356742,0.06199798383818621
0.31666666666666665,0.8312499999999999,0.11312298202036204,0.9475084963508079,0.11908300893607426,0.05021836690893086
0.31666666666666665,0.8708333333333333,0.09725145444419574,0.9665539882953831,0.10052631687677267,0.03843874997967545
0.31666666666666665,0.9104166666666667,0.0585929236527686,0.9568891246361394,0.06117785887153857,0.026659133050420076
0.31666666666666665,0.95,0.013454194183114906,0.9542917811362867,0.013948086773043223,0.014879516121164707
0.35624999999999996,0.0,0.45402558478957494,0.9401657525276524,0.48295221004739314,0.28884251764586183
0.35624999999999996,0.03958333333333333,0.41579055288379013,0.9166119605438565,0.45361087673511885,0.27740916798904636
0.35624999999999996,0.07916666666666666,0.41891789760947207,0.9351691256924268,0.4478825310741595,0.26597581833223105
0.35624999999999996,0.11875,0.3912567770264858,0.92363435448814,0.42329785829567745,0.2545424686754157
0.35624999999999996,0.15833333333333333,0.3858609920727054,0.9351900762094999,0.41250737481709515,0.24310911901860033
0.35624999999999996,0.19791666666666666,0.37328646049298514,0.9226876095234388,0.4045673012025243,0.23167576936178497
0.35624999999999996,0.2375,0.3774017524505424,0.9417889247018639,0.4007735584469356,0.22024241970496958
0.35624999999999996,0.27708333333333335,0.3567606505956446,0.9349442222081868,0.381607043067089,0.20880907004815427
0.35624999999999996,0.31666666666666665,0.33585309376731093,0.9315705332847687,0.36044499426121585,0.1973757203913389
0.35624999999999996,0.35624999999999996,0.3044434068134592,0.921744401924213,0.33027675300958614,0.18594237073452355
0.35624999999999996,0.3958333333333333,0.31978214074811884,0.9386852234347595,0.3405669755122737,0.17450902107770822
0.35624999999999996,0.4354166666666667,0.289141945591483,0.9315051104133278,0.31018448523818887,0.16307567142089283
0.35624999999999996,0.475,0.2763309092952515,0.9343167931164652,0.29565606747153567,0.15164232176407746
0.35624999999999996,0.5145833333333333,0.26286317645296264,0.9374692366194496,0.2803508260611349,0.1402089721072621
0.35624999999999996,0.5541666666666667,0.2346408124615397,0.9286261993515219,0.2527762755126309,0.1287756224504467
0.35624999999999996,0.59375,0.23683572068482064,0.9323775826437767,0.2539817924360847,0.11734227279363134
0.35624999999999996,0.6333333333333333,0.2250185670117063,0.9250558226582498,0.24318688015210901,0.105908923136816
0.35624999999999996,0.6729166666666666,0.19486898442629827,0.9252538861135341,0.21041689142735354,0.09447557348000067
0.35624999999999996,0.7124999999999999,0.16182338893931716,0.9090246674462995,0.1777642222955064,0.08304222382318532
0.35624999999999996,0.7520833333333333,0.1617321856674835,0.934237718109356,0.17305506042912314,0.0716088741663699
0.35624999999999996,0.7916666666666666,0.1377988616690545,0.9312066872861738,0.1475685033036467,0.06017552450955453
0.35624999999999996,0.8312499999999999,0.126942228161163,0.9377755166116746,0.13537708564960668,0.048742174852739205
0.35624999999999996,0.8708333333333333,0.08589690785581983,0.9251230349961167,0.09243540887021262,0.037308825195923816
0.35624999999999996,0.9104166666666667,0.04014056310445077,0.9196414557533575,0.04360059826998242,0.025875475539108458
0.35624999999999996,0.95,0.023229521504509063,0.9259632436264768,0.024908625180363162,0.014442125882293105
0.3958333333333333,0.0,0.4266642727194625,0.9059271811344024,0.4708104423145727,0.27982137159266446
0.3958333333333333,0.03958333333333333,0.39578401692254345,0.8949093835527204,0.4422269040766973,0.2687451089671214
0.3958333333333333,0.07916666666666666,0.3726973236793622,0.8860413726561797,0.4205594618205966,0.2576688463415785
0.3958333333333333,0.11875,0.3799552605539151,0.8995913382491096,0.4223263446872069,0.2465925837160355
0.3958333333333333,0.15833333333333333,0.3530139832123722,0.893508924367743,0.3949515802938506,0.23551632109049256
0.3958333333333333,0.19791666666666666,0.3416839210477458,0.8958727894690223,0.381497846343507,0.22444005846494958
0.3958333333333333,0.2375,0.34569601975384473,0.9000244488459731,0.38407339118611333,0.2133637958394066
0.3958333333333333,0.27708333333333335,0.33094566493388544,0.8945355702580846,0.3695689407095671,0.20228753321386367
0.3958333333333333,0.31666666666666665,0.3049291835105436,0.9037246123526813,0.3373576166109267,0.19121127058832071
0.3958333333333333,0.35624999999999996,0.2866555411907105,0.8959332273855883,0.3198879126258075,0.18013500796277773
0.3958333333333333,0.3958333333333333,0.2693135326554776,0.8862954766930166,0.3039052087018838,0.1690587453372348
0.3958333333333333,0.4354166666666667,0.2649507061739542,0.8888797071571471,0.2980191041574087,0.1579824827116918
0.3958333333333333,0.475,0.25768178097538735,0.9035607152030964,0.285179879714335,0.14690622008614884
0.3958333333333333,0.5145833333333333,0.2320369683648362,0.8983133189562095,0.2583779342315368,0.1358299574606059
0.3958333333333333,0.5541666666666667,0.21448452653607566,0.8834457672042921,0.2426007932110497,0.12475369483506286
0.3958333333333333,0.59375,0.21126643846500434,0.8915652873775753,0.2369013995739635,0.11367743220951991
0.3958333333333333,0.6333333333333333,0.19181260278957868,0.8923526949875272,0.21497679558756877,0.10260116958397698
0.3958333333333333,0.6729166666666666,0.1819994067988796,0.9015616510103784,0.2016427079535927,0.09152490695843403
0.3958333333333333,0.7124999999999999,0.1607035481013895,0.8877027448330422,0.18087466677309028,0.08044864433289108
0.3958333333333333,0.7520833333333333,0.15200135821335592,0.9058695757463578,0.16787280096182156,0.06937238170734807
0.3958333333333333,0.7916666666666666,0.13026679747462439,0.9104572717114096,0.14307168589831906,0.058296119081805084
0.3958333333333333,0.8312499999999999,0.1118500043459571,0.8970480224814327,0.12467268791991243,0.04721985645626215
0.3958333333333333,0.8708333333333333,0.07920596178607552,0.900494263546875,0.08795939126044944,0.036143593830719155
0.3958333333333333,0.9104166666666667,0.058030478313315086,0.9000798319865702,0.0643372791063883,0.025067331205176194
0.3958333333333333,0.95,0.014131641419489948,0.9042836637498887,0.015244560387280745,0.013991068579633236
0.4354166666666667,0.0,0.36784446871719,0.8517427007192523,0.4318071232000463,0.2704995378923964
0.4354166666666667,0.03958333333333333,0.36681268652321536,0.8616890839219739,0.4256788450011882,0.259792264517489
0.4354166666666667,0.07916666666666666,0.3527199857559366,0.8594816737127604,0.4103068403937454,0.24908499114258167
0.4354166666666667,0.11875,0.33202014459003637,0.8576938169849341,0.3869722049684185,0.23837771776767427
0.4354166666666667,0.15833333333333333,0.3267088009194165,0.8534354959955897,0.3829249808619714,0.22767044439276693
0.4354166666666667,0.19791666666666666,0.3252407248479698,0.864230212504832,0.3760273841501234,0.21696317101785959
0.4354166666666667,0.2375,0.31156504810679336,0.8651593676728401,0.35974747187172235,0.2062558976429522
0.4354166666666667,0.27708333333333335,0.2943694418319938,0.8693255965170804,0.33865778118284223,0.1955486242680449
0.4354166666666667,0.31666666666666665,0.288655187458728,0.8679588672948905,0.33254680228788414,0.18484135089313755
0.4354166666666667,0.35624999999999996,0.2690404010948651,0.8637549188293231,0.3114100564201365,0.17413407751823018
0.4354166666666667,0.3958333333333333,0.2578547233092281,0.8643860692771731,0.2982679864420576,0.16342680414332286
0.4354166666666667,0.4354166666666667,0.24733152466003774,0.8450830799229095,0.29268656254914455,0.15271953076841546
0.4354166666666667,0.475,0.24305343664923415,0.8660548818709856,0.2806701859919402,0.14201225739350812
0.4354166666666667,0.5145833333333333,0.2074323050021468,0.8630029511782208,0.2403407592351082,0.13130498401860077
0.4354166666666667,0.5541666666666667,0.19904964805376846,0.8562161613523765,0.23208049132695152,0.12059771064369336
0.4354166666666667,0.59375,0.18294830181113056,0.8605871516175462,0.21251940961357665,0.10989043726878601
0.4354166666666667,0.6333333333333333,0.1831207338995476,0.8607821899676482,0.21271390236820442,0.09918316389387868
0.4354166666666667,0.6729166666666666,0.16430687320420279,0.8651776976505073,0.1897325193148114,0.08847589051897135
0.4354166666666667,0.7124999999999999,0.13359283051686952,0.8563811817028246,0.1558802312124066,0.07776861714406401
0.4354166666666667,0.7520833333333333,0.13581259673628746,0.8680868820673985,0.15642838557342972,0.06706134376915661
0.4354166666666667,0.7916666666666666,0.10449175361001485,0.8570546428607169,0.12176398273128862,0.056354070394249244
0.4354166666666667,0.8312499999999999,0.07917757847075708,0.8739255795832735,0.09046932524197089,0.04564679701934191
0.4354166666666667,0.8708333333333333,0.06397973568534267,0.8592083934644988,0.07394153042650288,0.034939523644434534
0.4354166666666667,0.9104166666666667,0.02572595369205251,0.8542515994043711,0.02958148283544408,0.02423225026952718
0.4354166666666667,0.95,0.006951357318149077,0.8661694094656843,0.007951206802663592,0.013524976894619832
0.475,0.0,0.3517785833289828,0.8302984270689256,0.423515585783762,0.2608447814314099
0.475,0.03958333333333333,0.33631641899917497,0.8334417725766663,0.4034606620150969,0.25051967549974985
0.475,0.07916666666666666,0.3172780976346214,0.8255685223753056,0.38429628092988416,0.24019456956808993
0.475,0.11875,0.3134890050864591,0.8297301718373236,0.37766647484817945,0.22986946363642993
0.475,0.15833333333333333,0.30276112288033,0.8312082491948227,0.36420035070848367,0.21954435770476996
0.475,0.19791666666666666,0.29450436014081854,0.8248658826601423,0.35695951664230874,0.20921925177311
0.475,0.2375,0.2977730314700375,0.8405561324025016,0.35424721890308936,0.19889414584145
0.475,0.27708333333333335,0.2738317208023054,0.8326143443039552,0.32884196471955923,0.18856903990979007
0.475,0.31666666666666665,0.2630077490050619,0.8253938269781096,0.31840023568846426,0.1782439339781301
0.475,0.35624999999999996,0.2466852996829192,0.8391959646035155,0.2938648709395193,0.16791882804647013
0.475,0.3958333333333333,0.2410168623244365,0.8305961200320574,0.2899904622599713,0.15759372211481018
0.475,0.4354166666666667,0.22237190100589455,0.8306108549340463,0.2676880628786395,0.14726861618315018
0.475,0.475,0.2003634850236976,0.816953400984609,0.24508850675293417,0.1369435102514902
0.475,0.5145833333333333,0.1982438557758075,0.830346521066596,0.2387293476366205,0.12661840431983024
0.475,0.5541666666666667,0.1903255336221291,0.8314750743332127,0.22873537130663382,0.11629329838817021
0.475,0.59375,0.17249599079937764,0.831574487755837,0.20691914638659395,0.10596819245651025
0.475,0.6333333333333333,0.14927273855290066,0.8290675770594333,0.18010053510526025,0.0956430865248503
0.475,0.6729166666666666,0.15376489604632904,0.8395523768226996,0.18313687839102313,0.08531798059319035
0.475,0.7124999999999999,0.14154850255370385,0.8346612437839102,0.169445480037143,0.07499287466153039
0.475,0.7520833333333333,0.10775399057277162,0.8241529698453199,0.1303949421657628,0.06466776872987037
0.475,0.7916666666666666,0.10565279498807773,0.835020903712515,0.12652340966473752,0.05434266279821039
0.475,0.8312499999999999,0.07888565798099116,0.8232316090779911,0.09577125269179611,0.04401755686655044
0.475,0.8708333333333333,0.04898652466912997,0.8351039450495211,0.058623639994706066,0.03369245093489044
0.475,0.9104166666666667,0.030909172091751855,0.83409488879813,0.03702137753828242,0.023367345003230473
0.475,0.95,-0.031868473626725284,0.8041648200035896,-0.03969611896559167,0.013042239071570507
0.5145833333333333,0.0,0.31630073136899056,0.790308214565001,0.400248282859506,0.25081865959294175
0.5145833333333333,0.03958333333333333,0.3144594032277149,0.7999843877416607,0.3928670569965254,0.24089042098405442
0.5145833333333333,0.07916666666666666,0.3057748269425649,0.8030802148234772,0.38067604096768437,0.2309621823751672
0.5145833333333333,0.11875,0.29742882499250217,0.797699529232327,0.3728602637024741,0.22103394376627988
0.5145833333333333,0.15833333333333333,0.2937572458231642,0.7963215144547645,0.36890508575965447,0.21110570515739263
0.5145833333333333,0.19791666666666666,0.27137386779420297,0.7966979087059846,0.34051911623102776,0.20117746654850535
0.5145833333333333,0.2375,0.2630508735366511,0.7990311751507463,0.32905417557654537,0.19124922793961804
0.5145833333333333,0.27708333333333335,0.24357947258593585,0.7949829738688131,0.30639311609491043,0.18132098933073082
0.5145833333333333,0.31666666666666665,0.2298343102003726,0.7954699081575204,0.2889682254377403,0.17139275072184354
0.5145833333333333,0.35624999999999996,0.22537106681355498,0.7931111078465095,0.2841974696985296,0.16146451211295626
0.5145833333333333,0.3958333333333333,0.2105206738345395,0.7961500428090901,0.26425179364539886,0.151536273504069
0.5145833333333333,0.4354166666666667,0.210157947384351,0.7985556008388395,0.26292703666365275,0.1416080348951817
0.5145833333333333,0.475,0.19389795112028793,0.7894551771171695,0.2454963427592943,0.13167979628629445
0.5145833333333333,0.5145833333333333,0.1839712680894993,0.8012294643313732,0.2294952366543788,0.12175155767740717
0.5145833333333333,0.5541666666666667,0.1562664479366026,0.7835240587402361,0.19943789101659118,0.11182331906851985
0.5145833333333333,0.59375,0.16170294282400158,0.7997221868879496,0.20215648969257585,0.10189508045963257
0.5145833333333333,0.6333333333333333,0.14081253639348107,0.7967027085025244,0.17657152147748975,0.09196684185074533
0.5145833333333333,0.6729166666666666,0.12714349643792486,0.7940445003898025,0.16007830768508083,0.08203860324185806
0.5145833333333333,0.7124999999999999,0.12077959294278416,0.7951987917281936,0.1518421335091014,0.0721103646329708
0.5145833333333333,0.7520833333333333,0.09646694778804511,0.7890714084028995,0.12218141243415748,0.06218212602408348
0.5145833333333333,0.7916666666666666,0.07880592938495837,0.7933703997015004,0.0992997105211158,0.052253887415196196
0.5145833333333333,0.8312499999999999,0.053247277487900944,0.7908286781628459,0.0673379254153375,0.042325648806308944
0.5145833333333333,0.8708333333333333,0.045351048256830805,0.7949677379965236,0.05703194163648676,0.03239741019742164
0.5145833333333333,0.9104166666666667,0.012286537746261256,0.7912226341664663,0.015361992498832348,0.022469171588534367
0.5145833333333333,0.95,-0.0004352189149333108,0.8057886412091024,-0.0005402824895884337,0.0125409329796471
0.5541666666666667,0.0,0.27550910501113185,0.7455871244931861,0.3695219975755961,0.2403747074881215
0.5541666666666667,0.03958333333333333,0.2832712200269892,0.7665899125713059,0.36937381702830513,0.23085987531671665
0.5541666666666667,0.07916666666666666,0.28670741370116143,0.7689942022000252,0.3727269354013775,0.2213450431453119
0.5541666666666667,0.11875,0.2554111635227691,0.7530099213322216,0.3391839020064517,0.21183021097390703
0.5541666666666667,0.15833333333333333,0.25476293625057683,0.7647572409321374,0.333043472281867,0.20231537880250225
0.5541666666666667,0.19791666666666666,0.24053498585650704,0.7637619256630738,0.3147931175416366,0.19280054663109744
0.5541666666666667,0.2375,0.22374827106747364,0.7578157686470292,0.29525660002774873,0.1832857144596926
0.5541666666666667,0.27708333333333335,0.21102921342282532,0.7520226222660464,0.2805574190314328,0.17377088228828785
0.5541666666666667,0.31666666666666665,0.21050787834627194,0.7512603412436558,0.2802396700364793,0.16425605011688305
0.5541666666666667,0.35624999999999996,0.1939448644281717,0.7540943984311895,0.257082514731165,0.1547412179454782
0.5541666666666667,0.3958333333333333,0.1952856561451607,0.766357097519438,0.25474529071595003,0.14522638577407343
0.5541666666666667,0.4354166666666667,0.17633378343017037,0.7653201483355342,0.2304129695096806,0.1357115536026686
0.5541666666666667,0.475,0.17218532935881345,0.7607463293146964,0.22625244882281567,0.12619672143126381
0.5541666666666667,0.5145833333333333,0.15560666872267526,0.7557366106113217,0.20589732284569662,0.116681889259859
0.5541666666666667,0.5541666666666667,0.15129569655099803,0.7609576690071501,0.19881206780101027,0.10716705708845414
0.5541666666666667,0.59375,0.13588428836735814,0.7575336770152449,0.17935811980969377,0.09765222491704935
0.5541666666666667,0.6333333333333333,0.12107665324833922,0.7575182809686388,0.15977315896640962,0.08813739274564457
0.5541666666666667,0.6729166666666666,0.09233764586776251,0.7567781745708805,0.12199825250968166,0.07862256057423977
0.5541666666666667,0.7124999999999999,0.0971173040731204,0.7587896293610812,0.12781372087817683,0.06910772840283497
0.5541666666666667,0.7520833333333333,0.0822556227145897,0.7572955708727345,0.1086172742168909,0.059592896231430124
0.5541666666666667,0.7916666666666666,0.0747227065511764,0.7711107725585199,0.09688093391098147,0.05007806406002531
0.5541666666666667,0.8312499999999999,0.04769392682401502,0.7610199627438883,0.06255891154720723,0.04056323188862052
0.5541666666666667,0.8708333333333333,0.03792739897465427,0.7617080970250294,0.04980477523151213,0.031048399717215694
0.5541666666666667,0.9104166666666667,0.011321472272366096,0.7560963489371617,0.014816701210349162,0.021533567545810886
0.5541666666666667,0.95,-0.013367508756019504,0.7572036832020883,-0.01791211959308021,0.012018735374406087
0.59375,0.0,0.257374022341293,0.7177872810046146,0.35855274227458533,0.22945587811167528
0.59375,0.03958333333333333,0.25300960375507625,0.7261618527348291,0.34840199607336003,0.22037324960308807
0.59375,0.07916666666666666,0.2366495000812486,0.7100582488438105,0.3331592915644727,0.21129062109450097
0.59375,0.11875,0.2363872099220721,0.7232117948250814,0.32669286275688236,0.20220799258591382
0.59375,0.15833333333333333,0.23027964849470914,0.7204721095314285,0.3196236469638438,0.19312536407732667
0.59375,0.19791666666666666,0.21749631158224628,0.7219524502760309,0.3012376950625106,0.18404273556873954
0.59375,0.2375,0.21144422129729434,0.7235589167800232,0.29225480510235174,0.17496010706015236
0.59375,0.27708333333333335,0.1934514813750113,0.7200564313585517,0.26865408716884015,0.16587747855156526
0.59375,0.31666666666666665,0.18995492253849477,0.7274093133703526,0.2610878050564964,0.15679485004297813
0.59375,0.35624999999999996,0.16859497119739927,0.7134349685546977,0.2362557457480865,0.14771222153439095
0.59375,0.3958333333333333,0.16493235631240638,0.7222253001935162,0.22839573489086984,0.13862959302580385
0.59375,0.4354166666666667,0.15432149029676898,0.7131410656458904,0.21636068094478342,0.12954696451721667
0.59375,0.475,0.15257001646138846,0.7229922730435598,0.21106984791094463,0.12046433600862953
0.59375,0.5145833333333333,0.1392632381326875,0.710508725211669,0.19581907126858758,0.11138170750004239
0.59375,0.5541666666666667,0.1213761196441515,0.7172752115102362,0.16910992355118207,0.10229907899145521
0.59375,0.59375,0.10415943815556404,0.7150703434935246,0.1455497620836539,0.09321645048286807
0.59375,0.6333333333333333,0.0942714242223398,0.7126365258270818,0.132282682818791,0.08413382197428095
0.59375,0.6729166666666666,0.09161062298248253,0.7163886745693121,0.12673837295336576,0.07505119346569382
0.59375,0.7124999999999999,0.07700263492867827,0.7134329909252713,0.10767681693847801,0.06596856495710668
0.59375,0.7520833333333333,0.0728453497543151,0.7190135997917677,0.10125996137433513,0.0568859364485195
0.59375,0.7916666666666666,0.05312807472862092,0.7193106677748342,0.0737798692431707,0.047803307939932344
0.59375,0.8312499999999999,0.02975545207971284,0.7256077081263538,0.04093942073715778,0.038720679431345224
0.59375,0.8708333333333333,0.03356859136284987,0.7285163895620744,0.04588988842165761,0.029638050922758057
0.59375,0.9104166666666667,-0.0017400085915699887,0.7179152826173855,-0.002628455079434872,0.020555422414170913
0.59375,0.95,-0.0270961649576295,0.7145902988990077,-0.03798337601438503,0.011472793905583775
0.6333333333333333,0.0,0.2293754959472052,0.6766512787278574,0.33896815012478837,0.2179908254950194
0.6333333333333333,0.03958333333333333,0.21607950582313148,0.6746844964763049,0.3202518200137279,0.2093620219858415
0.6333333333333333,0.07916666666666666,0.22676461328728093,0.6840191723166663,0.3315266043632948,0.2007332184766637
0.6333333333333333,0.11875,0.1912200776322607,0.6762389340234757,0.28277238023343687,0.19210441496748581
0.6333333333333333,0.15833333333333333,0.2044014059827255,0.6908236179380927,0.2957190453630142,0.18347561145830799
0.6333333333333333,0.19791666666666666,0.17856368354357563,0.6690351843846009,0.2668142447200388,0.17484680794913013
0.6333333333333333,0.2375,0.17782153167249284,0.6759724681967292,0.26300452630480325,0.16621800443995224
0.6333333333333333,0.27708333333333335,0.1681548688230806,0.6820116663328312,0.24641619433797754,0.15758920093077444
0.6333333333333333,0.31666666666666665,0.15363456069002687,0.6690226999941545,0.22964107898471683,0.1489603974215966
0.6333333333333333,0.35624999999999996,0.16116914684061387,0.6874323725937668,0.23436240019160962,0.14033159391241873
0.6333333333333333,0.3958333333333333,0.1487430605220695,0.6848416725524139,0.21716827222820542,0.13170279040324093
0.6333333333333333,0.4354166666666667,0.1280255029916709,0.6739005503598984,0.18986541712589253,0.12307398689406304
0.6333333333333333,0.475,0.11556308535977444,0.6757469370139146,0.17085531220905495,0.1144451833848852
0.6333333333333333,0.5145833333333333,0.12089108806396827,0.6856073914267186,0.17623669086616875,0.10581637987570736
0.6333333333333333,0.5541666666666667,0.11143656177202414,0.6828127925471076,0.16306341818546108,0.09718757636652946
0.6333333333333333,0.59375,0.09612911185240625,0.6796933773146093,0.14111060290783928,0.08855877285735161
0.6333333333333333,0.6333333333333333,0.0892357210073843,0.6788841167888776,0.1311453440637769,0.07992996934817378
0.6333333333333333,0.6729166666666666,0.07841825874838353,0.6748502409502007,0.11618297160868772,0.07130116583899596
0.6333333333333333,0.7124999999999999,0.06655702962833376,0.6815650090974681,0.09763960384982732,0.06267236232981811
0.6333333333333333,0.7520833333333333,0.06548970487907958,0.6890516035893589,0.09501525426398431,0.05404355882064023
0.6333333333333333,0.7916666666666666,0.03996770210077869,0.6762127781719577,0.058889678462789696,0.04541475531146237
0.6333333333333333,0.8312499999999999,0.026470364559851616,0.6834485554442867,0.03872684984373704,0.03678595180228454
0.6333333333333333,0.8708333333333333,0.005063704445350203,0.6768264562005938,0.007520767980143193,0.02815714829310667
0.6333333333333333,0.9104166666666667,-0.002869337096129724,0.6817397313184536,-0.004188150391392539,0.019528344783928824
0.6333333333333333,0.95,-0.025073735797747604,0.6783523777163155,-0.03698720112279987,0.010899541274750981
0.6729166666666666,0.0,0.19899427783862533,0.6407689074216004,0.31050288967872736,0.2058883192412819
0.6729166666666666,0.03958333333333333,0.17648621925210292,0.636476055987289,0.27730219154116165,0.19773857327131444
0.6729166666666666,0.07916666666666666,0.18164481988034917,0.6349114388940235,0.28611016849785126,0.18958882730134707
0.6729166666666666,0.11875,0.17863851183147705,0.6435215287809443,0.2775640010737512,0.18143908133137962
0.6729166666666666,0.15833333333333333,0.16437401774527502,0.634729008899144,0.25897554292494,0.17328933536141222
0.6729166666666666,0.19791666666666666,0.167605945795105,0.6467975175198517,0.25913821746679594,0.16513958939144482
0.6729166666666666,0.2375,0.15784716414726235,0.6490287608984623,0.24319411967169957,0.1569898434214774
0.6729166666666666,0.27708333333333335,0.14212439570880364,0.6407329003312252,0.22152372027845046,0.14884009745151003
0.6729166666666666,0.31666666666666665,0.14000079862264508,0.6409679948968653,0.21850358703202014,0.14069035148154263
0.6729166666666666,0.35624999999999996,0.1247095225009031,0.6326620213538663,0.19672856378327563,0.1325406055115752
0.6729166666666666,0.3958333333333333,0.11560370644972036,0.6377187828225173,0.1812875659092367,0.12439085954160783
0.6729166666666666,0.4354166666666667,0.11898603759425415,0.6339264797582397,0.18755230709824264,0.1162411135716404
0.6729166666666666,0.475,0.10215383550879915,0.6392668335481243,0.15959042220911454,0.108091367601673
0.6729166666666666,0.5145833333333333,0.09016358590953137,0.6371365926037044,0.14132465211134296,0.0999416216317056
0.6729166666666666,0.5541666666666667,0.08306229112649606,0.6366548003705877,0.13048640156224992,0.09179187566173815
0.6729166666666666,0.59375,0.07646661217776325,0.6369762358054869,0.12003684269046701,0.08364212969177075
0.6729166666666666,0.6333333333333333,0.07109907389220971,0.6374776466043215,0.11137495723241424,0.07549238372180336
0.6729166666666666,0.6729166666666666,0.06963440934999592,0.644957131241843,0.10754380179925278,0.06734263775183598
0.6729166666666666,0.7124999999999999,0.042352134911680515,0.633059469460377,0.06665389695312095,0.059192891781868574
0.6729166666666666,0.7520833333333333,0.04534274483116448,0.6447397744136255,0.07041356194981191,0.051043145811901135
0.6729166666666666,0.7916666666666666,0.01943950728252877,0.6325236223140053,0.03070344536955415,0.04289339984193372
0.6729166666666666,0.8312499999999999,0.008741237837377078,0.634551376948519,0.013616142182514312,0.03474365387196634
0.6729166666666666,0.8708333333333333,-0.0029596702499948696,0.633733470214106,-0.004793942421118017,0.02659390790199891
0.6729166666666666,0.9104166666666667,-0.010715885780048182,0.6419539582504403,-0.016728076582246777,0.018444161932031505
0.6729166666666666,0.95,-0.029074173917884083,0.6408142021018618,-0.045594370462106654,0.010294415962064105
0.7124999999999999,0.0,0.15387477269762762,0.5805927698055809,0.26480820383337256,0.19302849530574498
0.7124999999999999,0.03958333333333333,0.15556223951191114,0.5922956173349321,0.2625432450056069,0.18538778403322587
0.7124999999999999,0.07916666666666666,0.15449771184187636,0.5914039381647761,0.2612179971751991,0.17774707276070684
0.7124999999999999,0.11875,0.1509635474058963,0.5902681732888806,0.2557580723313518,0.17010636148818772
0.7124999999999999,0.15833333333333333,0.13598263833636628,0.5946758200414947,0.2286665284668827,0.16246565021566867
0.7124999999999999,0.19791666666666666,0.1329026222687493,0.5832140273642995,0.2278659171595263,0.1548249389431496
0.7124999999999999,0.2375,0.12336415929447868,0.5930446074165873,0.20805405700239157,0.14718422767063052
0.7124999999999999,0.27708333333333335,0.11563579393147122,0.5919230318757632,0.1953739166749624,0.13954351639811147
0.7124999999999999,0.31666666666666665,0.11132420971058753,0.5943798094346112,0.18734788735655838,0.1319028051255924
0.7124999999999999,0.35624999999999996,0.1099352465791067,0.5988802670408013,0.1835163604085526,0.12426209385307334
0.7124999999999999,0.3958333333333333,0.0888517017078586,0.5878241840338685,0.15113158270449387,0.11662138258055428
0.7124999999999999,0.4354166666666667,0.08646159379165559,0.5868528830224241,0.14726713207175035,0.10898067130803518
0.7124999999999999,0.475,0.08127269633851159,0.5948116605351169,0.13662578650257257,0.10133996003551612
0.7124999999999999,0.5145833333333333,0.0738357664196085,0.5898580662005791,0.12484208631763931,0.09369924876299705
0.7124999999999999,0.5541666666666667,0.07808063131403363,0.6009019899533019,0.12983830534943053,0.08605853749047795
0.7124999999999999,0.59375,0.05472565261892972,0.5924012435861362,0.09225601654407084,0.07841782621795888
0.7124999999999999,0.6333333333333333,0.04949734067150611,0.5906412954902136,0.08378808602159454,0.07077711494543984
0.7124999999999999,0.6729166666666666,0.03611174439135192,0.5914421771435655,0.06076025175302108,0.06313640367292078
0.7124999999999999,0.7124999999999999,0.0296486523601323,0.5964649125715938,0.04961890785109024,0.05549569240040171
0.7124999999999999,0.7520833333333333,0.006836642557073451,0.5834257361090716,0.011477852379834627,0.04785498112788261
0.7124999999999999,0.7916666666666666,0.004321151195420379,0.5915322824329804,0.007286175572015582,0.040214269855363534
0.7124999999999999,0.8312499999999999,0.003695190353335468,0.5889272409142982,0.006043823506270168,0.03257355858284448
0.7124999999999999,0.8708333333333333,-0.015432334814924085,0.593781912625714,-0.02607101553382195,0.02493284731032539
0.7124999999999999,0.9104166666666667,-0.03157010489459,0.5908720389891701,-0.053646192330344865,0.017292136037806324
0.7124999999999999,0.95,-0.053244769784404254,0.584714402810473,-0.09102279245294986,0.009651424765287258
0.7520833333333333,0.0,0.14034655220102146,0.5446574843811607,0.2576789010914337,0.17924843095547588
0.7520833333333333,0.03958333333333333,0.11536882706579814,0.5401504061761864,0.21270701171874215,0.17215318056348825
0.7520833333333333,0.07916666666666666,0.11673451882428844,0.5368052349837088,0.2174852443231723,0.1650579301715007
0.7520833333333333,0.11875,0.1153599495952687,0.5448094616260363,0.21161809787057273,0.1579626797795131
0.7520833333333333,0.15833333333333333,0.10321630740782327,0.5422109782088999,0.1903005248227784,0.1508674293875255
0.7520833333333333,0.19791666666666666,0.10172550037065953,0.5462701917113438,0.18616386727581166,0.14377217899553793
0.7520833333333333,0.2375,0.09667730471607418,0.5407723232722409,0.17878873607275922,0.13667692860355032
0.7520833333333333,0.27708333333333335,0.08301082144037827,0.5454570472099695,0.1521739298420031,0.12958167821156275
0.7520833333333333,0.31666666666666665,0.08767413284891339,0.5435792370641644,0.16117241606083313,0.12248642781957518
0.7520833333333333,0.35624999999999996,0.06697423822343941,0.5421314506342383,0.12348724425759346,0.11539117742758759
0.7520833333333333,0.3958333333333333,0.0752355257034336,0.5427841789010831,0.13840347030762867,0.10829592703560002
0.7520833333333333,0.4354166666666667,0.05487083370566515,0.5443632632377166,0.10077145519936685,0.10120067664361242
0.7520833333333333,0.475,0.058284409587013176,0.5425681528836864,0.10741839885278752,0.09410542625162484
0.7520833333333333,0.5145833333333333,0.04091533439107655,0.5375980767527246,0.07593500754908182,0.08701017585963726
0.7520833333333333,0.5541666666666667,0.04090188956547101,0.5413216745723792,0.07531294747100227,0.07991492546764964
0.7520833333333333,0.59375,0.028672764491563214,0.5428688122044734,0.052687489044551006,0.07281967507566206
0.7520833333333333,0.6333333333333333,0.0234468336307006,0.5428876401492874,0.043174134026680265,0.0657244246836745
0.7520833333333333,0.6729166666666666,0.03259412095104606,0.5499411892044127,0.05904822660026205,0.05862917429168692
0.7520833333333333,0.7124999999999999,0.020693544039222727,0.5480770377147368,0.0377629856062536,0.05153392389969934
0.7520833333333333,0.7520833333333333,0.01256862559430869,0.5443264667895672,0.02272827544918481,0.044438673507711725
0.7520833333333333,0.7916666666666666,-0.013585411037127426,0.5292916690139217,-0.025735410023649912,0.03734342311572413
0.7520833333333333,0.8312499999999999,-0.034730876266443216,0.5332996675681403,-0.06514457578823842,0.030248172723736567
0.7520833333333333,0.8708333333333333,-0.022262914919553307,0.5439086524159489,-0.04122724027282506,0.023152922331748964
0.7520833333333333,0.9104166666666667,-0.04583421282440674,0.5476664571507578,-0.0838510255370372,0.016057671939761382
0.7520833333333333,0.95,-0.05075792386605393,0.5469520595158947,-0.09311411057834673,0.008962421547773802
0.7916666666666666,0.0,0.10029174857555227,0.5027218346490616,0.19954762599736672,0.16431676725154984
0.7916666666666666,0.03958333333333333,0.10451907947629661,0.5006519273618215,0.20798488845477126,0.15781256188117596
0.7916666666666666,0.07916666666666666,0.08781603883721605,0.4931385111630009,0.17808463443594338,0.15130835651080213
0.7916666666666666,0.11875,0.08127660758957919,0.4914674700447293,0.1652908631997827,0.14480415114042827
0.7916666666666666,0.15833333333333333,0.07846282390751075,0.48756044718253966,0.16086274658497723,0.13829994577005442
0.7916666666666666,0.19791666666666666,0.07928247544668227,0.49853415548371616,0.15874799213388688,0.1317957403996806
0.7916666666666666,0.2375,0.0733033787760255,0.49637258412584845,0.14763798627599306,0.1252915350293067
0.7916666666666666,0.27708333333333335,0.06729436679127108,0.501339593446835,0.13420919339907336,0.11878732965893289
0.7916666666666666,0.31666666666666665,0.055750362712434436,0.49105447564090965,0.11335346228404529,0.11228312428855906
0.7916666666666666,0.35624999999999996,0.04775280460669379,0.49414008705993734,0.09658289850187492,0.10577891891818521
0.7916666666666666,0.3958333333333333,0.04363277289485463,0.49379772934563615,0.08806914864279648,0.09927471354781138
0.7916666666666666,0.4354166666666667,0.040190254269205146,0.4986028570408625,0.08053711597923528,0.09277050817743751
0.7916666666666666,0.475,0.03274460408540245,0.49264254935583524,0.06627446977955354,0.08626630280706367
0.7916666666666666,0.5145833333333333,0.02982448332455816,0.48974977834324945,0.060893109303354565,0.07976209743668983
0.7916666666666666,0.5541666666666667,0.02066944995937081,0.4877822984367246,0.042398202373020354,0.07325789206631594
0.7916666666666666,0.59375,0.016281069635402722,0.4926905341742522,0.03299541350716353,0.0667536866959421
0.7916666666666666,0.6333333333333333,0.010187663947392655,0.4881412599889577,0.020279971525523317,0.06024948132556828
0.7916666666666666,0.6729166666666666,0.006530945163029563,0.49135382120075183,0.013307907095935273,0.053745275955194446
0.7916666666666666,0.7124999999999999,0.0019901290465137215,0.49848100136561174,0.00387628137661429,0.047241070584820605
0.7916666666666666,0.7520833333333333,-0.015192294943357958,0.4888381023783812,-0.031068224053472617,0.04073686521444673
0.7916666666666666,0.7916666666666666,-0.008592155067808143,0.49654343450941446,-0.017412609867185052,0.03423265984407288
0.7916666666666666,0.8312499999999999,-0.0229558016028997,0.49684736799776497,-0.04624146615452923,0.02772845447369905
0.7916666666666666,0.8708333333333333,-0.03424372911061528,0.4926847235515565,-0.06950203360203754,0.021224249103325186
0.7916666666666666,0.9104166666666667,-0.05293515440672939,0.4841958256778119,-0.1093805212003003,0.01472004373295134
0.7916666666666666,0.95,-0.05558081516134722,0.4929875925555558,-0.1128728495502697,0.008215838362577499
0.8312499999999999,0.0,0.06464096516470601,0.4363130516276359,0.14810602490295588,0.14788509052639487
0.8312499999999999,0.03958333333333333,0.06145004499302518,0.43151713773622236,0.14239079132258156,0.14203130569305839
0.8312499999999999,0.07916666666666666,0.05221463204854635,0.4353653564221596,0.1198875411660541,0.13617752085972193
0.8312499999999999,0.11875,0.04531202866618724,0.4305408362976355,0.10458810491583892,0.13032373602638544
0.8312499999999999,0.15833333333333333,0.045655067298147646,0.43276906717248514,0.10549523355075097,0.124469951193049
0.8312499999999999,0.19791666666666666,0.047564211335621796,0.43563959096071087,0.10840073846906263,0.11861616635971255
0.8312499999999999,0.2375,0.041592952748373595,0.4334504670951281,0.09580166140035402,0.11276238152637606
0.8312499999999999,0.27708333333333335,0.03530511036752334,0.4346118124472878,0.0812660048810886,0.10690859669303962
0.8312499999999999,0.31666666666666665,0.02666072195522483,0.43137861884673406,0.0614934317374535,0.10105481185970316
0.8312499999999999,0.35624999999999996,0.020306659552420295,0.4285663828884477,0.047333005951824124,0.0952010270263667
0.8312499999999999,0.3958333333333333,0.0132910767369814,0.4348610321326767,0.03037619199317382,0.08934724219303025
0.8312499999999999,0.4354166666666667,0.015077326601373378,0.4344969346754423,0.034705065919722826,0.08349345735969377
0.8312499999999999,0.475,0.006807363683837335,0.43363290003268046,0.015601835506668533,0.07763967252635731
0.8312499999999999,0.5145833333333333,0.01473280923699617,0.4394220717818033,0.03351267854332652,0.07178588769302086
0.8312499999999999,0.5541666666666667,0.006567547273674294,0.43867685367394954,0.014970334206009682,0.06593210285968436
0.8312499999999999,0.59375,-0.004412862348763781,0.43544245991044533,-0.010334581173134827,0.0600783180263479
0.8312499999999999,0.6333333333333333,-0.004546439448079827,0.4375057413865299,-0.010429863139289786,0.05422453319301146
0.8312499999999999,0.6729166666666666,-0.014537944599384331,0.43707589940714825,-0.03336033724352088,0.048370748359675
0.8312499999999999,0.7124999999999999,-0.015542777291118928,0.4341375215834333,-0.03637966414967462,0.04251696352633855
0.8312499999999999,0.7520833333333333,-0.02359399489192715,0.43430493855340974,-0.05436126802995885,0.03666317869300206
0.8312499999999999,0.7916666666666666,-0.023089203932510755,0.4375380664525172,-0.05280296928352246,0.030809393859665593
0.8312499999999999,0.8312499999999999,-0.03647843571369481,0.43389328151719075,-0.08408046981069867,0.024955609026329147
0.8312499999999999,0.8708333333333333,-0.04383371574595901,0.4353890521686001,-0.10091388396552063,0.01910182419299267
0.8312499999999999,0.9104166666666667,-0.053865817092486806,0.43966923693003634,-0.12255000271757328,0.013248039359656209
0.8312499999999999,0.95,-0.06710919930145018,0.42948309804644397,-0.15641437985547638,0.00739425452631975
0.8708333333333333,0.0,0.0350974959684112,0.37588368706713576,0.09336385280981245,0.12938315191708694
0.8708333333333333,0.03958333333333333,0.03139371318301528,0.3743390995151539,0.08374519442243962,0.12426173548703555
0.8708333333333333,0.07916666666666666,0.02101330208164919,0.3681137054474692,0.05698839868059027,0.11914031905698422
0.8708333333333333,0.11875,0.01636877374572594,0.3729887983042664,0.04382684556269068,0.11401890262693284
0.8708333333333333,0.15833333333333333,0.015030804413228774,0.3705553610879677,0.04056130009379726,0.10889748619688149
0.8708333333333333,0.19791666666666666,0.010917712879908717,0.37121595586660483,0.02871873743150348,0.10377606976683014
0.8708333333333333,0.2375,-0.0006165685576085452,0.3646732900427092,-0.0017032501113525451,0.09865465333677877
0.8708333333333333,0.27708333333333335,-0.0024182715863538214,0.3670415809233692,-0.006725749180815983,0.09353323690672743
0.8708333333333333,0.31666666666666665,0.009924981302872995,0.3759739952643912,0.026127955689372512,0.08841182047667608
0.8708333333333333,0.35624999999999996,-0.0014105345296199733,0.3691765019521867,-0.00395443430938281,0.08329040404662472
0.8708333333333333,0.3958333333333333,-0.011728262302375702,0.3667251290184245,-0.031978852674811035,0.07816898761657337
0.8708333333333333,0.4354166666666667,-0.01171313837754454,0.3665083094432737,-0.032038627978223884,0.073047571186522
0.8708333333333333,0.475,-0.007384134832586683,0.3723769850841796,-0.02025626364902128,0.06792615475647064
0.8708333333333333,0.5145833333333333,-0.011407236379023722,0.3712354825670629,-0.030774006015971873,0.0628047383264193
0.8708333333333333,0.5541666666666667,-0.025796253304261236,0.3703407219708636,-0.06965027406537398,0.05768332189636791
0.8708333333333333,0.59375,-0.03143033510123847,0.3654159029611974,-0.08619387038007886,0.052561905466316554
0.8708333333333333,0.6333333333333333,-0.022072447474851375,0.37108449295206897,-0.059468434416982276,0.047440489036265215
0.8708333333333333,0.6729166666666666,-0.029921141749912197,0.3689601935916724,-0.08108890610187103,0.04231907260621387
0.8708333333333333,0.7124999999999999,-0.03666451718230073,0.3702336049350932,-0.09896519943416897,0.03719765617616251
0.8708333333333333,0.7520833333333333,-0.041935471370084694,0.3658666407003391,-0.11503312489988549,0.03207623974611114
0.8708333333333333,0.7916666666666666,-0.047925984923946785,0.36737887156782517,-0.1305871004015057,0.026954823316059775
0.8708333333333333,0.8312499999999999,-0.05057878967912174,0.37124352410912564,-0.13635807945617362,0.02183340688600843
0.8708333333333333,0.8708333333333333,-0.05957352979090356,0.3718714266211272,-0.16038808077062172,0.01671199045595706
0.8708333333333333,0.9104166666666667,-0.05998850535589084,0.3681141830929975,-0.16303790510065927,0.011590574025905706
0.8708333333333333,0.95,-0.06996684995783399,0.36821347523500636,-0.1899920361742422,0.0064691575958543525
0.9104166666666667,0.0,-0.0038972464354342143,0.2981301492464488,-0.01305771286435925,0.10774970997640783
0.9104166666666667,0.03958333333333333,-0.013270420368742297,0.2949478200194175,-0.04498297391171241,0.10348461728984167
0.9104166666666667,0.07916666666666666,-0.008608266416905583,0.30038604543375363,-0.028841669044637887,0.09921952460327553
0.9104166666666667,0.11875,-0.009055377460485917,0.2965086092816334,-0.03058256956747704,0.09495443191670938
0.9104166666666667,0.15833333333333333,-0.014476684472056751,0.294833824232128,-0.049105825980180505,0.09068933923014325
0.9104166666666667,0.19791666666666666,-0.01570668721104067,0.29844363087577913,-0.0535583109123936,0.0864242465435771
0.9104166666666667,0.2375,-0.023671810965366427,0.29619631713735894,-0.07993491428175935,0.08215915385701095
0.9104166666666667,0.27708333333333335,-0.02027509562014944,0.2959528748628933,-0.06883922890671822,0.07789406117044483
0.9104166666666667,0.31666666666666665,-0.023275460831254046,0.2985687064386446,-0.07797713152301206,0.07362896848387869
0.9104166666666667,0.35624999999999996,-0.028807184083397348,0.2940057308301719,-0.09798617726540369,0.06936387579731254
0.9104166666666667,0.3958333333333333,-0.029151867462599585,0.2953828024688872,-0.09880148794718811,0.0650987831107464
0.9104166666666667,0.4354166666666667,-0.033016938264771006,0.2943978381615665,-0.11245833242293267,0.06083369042418025
0.9104166666666667,0.475,-0.036078337382477066,0.2960856213607153,-0.12192074728712649,0.056568597737614114
0.9104166666666667,0.5145833333333333,-0.035138920187184425,0.3029062515411773,-0.11618083228786096,0.05230350505104797
0.9104166666666667,0.5541666666666667,-0.03597801794716372,0.29959090709543523,-0.11999684914195646,0.04803841236448181
0.9104166666666667,0.59375,-0.04300354476616077,0.2952109362165531,-0.1459949601192316,0.04377331967791567
0.9104166666666667,0.6333333333333333,-0.04266191324480797,0.2966461718368986,-0.14440182590128461,0.039508226991349545
0.9104166666666667,0.6729166666666666,-0.05220287489445747,0.2971940471969709,-0.17618126118611008,0.03524313430478341
0.9104166666666667,0.7124999999999999,-0.04764705537569159,0.2958799266139467,-0.16128168910238813,0.030978041618217267
0.9104166666666667,0.7520833333333333,-0.055345109991122875,0.2954815325308446,-0.18779479061705576,0.026712948931651107
0.9104166666666667,0.7916666666666666,-0.06032109550195203,0.29336535097005906,-0.2057712188109474,0.02244785624508496
0.9104166666666667,0.8312499999999999,-0.062045102986856705,0.2932572979632243,-0.2115821017512687,0.01818276355851883
0.9104166666666667,0.8708333333333333,-0.06805691809377444,0.2954719794430651,-0.23035970589141838,0.013917670871952677
0.9104166666666667,0.9104166666666667,-0.06980865940023721,0.29853989624611704,-0.23401685002987657,0.009652578185386536
0.9104166666666667,0.95,-0.08084904290554797,0.2951922384694031,-0.2738510171082196,0.0053874854988203965
0.95,0.0,-0.04361144978121887,0.20504752578403393,-0.2127654686514616,0.08049844718999247
0.95,0.03958333333333333,-0.042715517896860976,0.20333834898671507,-0.21001071315275463,0.07731205032205524
0.95,0.07916666666666666,-0.04475949330751409,0.20576560127239316,-0.2176148218783834,0.07412565345411805
0.95,0.11875,-0.048082847660315765,0.20259152126432808,-0.23737068298223632,0.07093925658618085
0.95,0.15833333333333333,-0.05105268591400682,0.20468762298675988,-0.24955329960197345,0.06775285971824364
0.95,0.19791666666666666,-0.04875585851929239,0.20404396159342686,-0.23938746224486676,0.06456646285030644
0.95,0.2375,-0.0547960600256752,0.19975192756611748,-0.2759436757475746,0.06138006598236924
0.95,0.27708333333333335,-0.04848420337106977,0.2045247600996282,-0.23740165065928942,0.05819366911443205
0.95,0.31666666666666665,-0.050235815810819644,0.20215573781652904,-0.24851381521685292,0.05500727224649485
0.95,0.35624999999999996,-0.0591268284688276,0.2015491154028445,-0.29351963994170843,0.051820875378557646
0.95,0.3958333333333333,-0.059155889784912596,0.20434990987654214,-0.2895047280504966,0.04863447851062046
0.95,0.4354166666666667,-0.055657742261331834,0.20270825359348624,-0.27471846688095797,0.04544808164268324
0.95,0.475,-0.0627364561076218,0.20383220350352516,-0.3079936957553553,0.042261684774746046
0.95,0.5145833333333333,-0.05543576356754448,0.2060120918901385,-0.269420168037993,0.03907528790680885
0.95,0.5541666666666667,-0.06314149468372883,0.20199710880588953,-0.3125251764603394,0.03588889103887163
0.95,0.59375,-0.06374909282394212,0.20344853030832932,-0.31358381473865254,0.03270249417093443
0.95,0.6333333333333333,-0.06987626453585599,0.20204787625890774,-0.34581593924888754,0.02951609730299724
0.95,0.6729166666666666,-0.06813513409917561,0.20315739838024185,-0.3353215577474041,0.026329700435060045
0.95,0.7124999999999999,-0.06976098197636309,0.20402634633706737,-0.3426153607722506,0.023143303567122846
0.95,0.7520833333333333,-0.06617686371120819,0.20640055631848694,-0.3209640457801844,0.019956906699185633
0.95,0.7916666666666666,-0.0730401948262206,0.20481643175653605,-0.3565666377080626,0.016770509831248427
0.95,0.8312499999999999,-0.07744428210615628,0.20241233852887408,-0.38294664508856435,0.013584112963311235
0.95,0.8708333333333333,-0.07901300469121879,0.2053270824981568,-0.385366826940976,0.010397716095374026
0.95,0.9104166666666667,-0.08575101074502949,0.20246033755388984,-0.4237759119425512,0.007211319227436825
0.95,0.95,-0.08440916961066773,0.20273322012780737,-0.4167234211813298,0.004024922359499627
